/*
Deployment script for Restaurants

This code was generated by a tool.
Changes to this file may cause incorrect behavior and will be lost if
the code is regenerated.
*/

GO
SET ANSI_NULLS, ANSI_PADDING, ANSI_WARNINGS, ARITHABORT, CONCAT_NULL_YIELDS_NULL, QUOTED_IDENTIFIER ON;

SET NUMERIC_ROUNDABORT OFF;


GO
:setvar DatabaseName "Restaurants"
:setvar DefaultFilePrefix "Restaurants"
:setvar DefaultDataPath "D:\SQL Server 2014\MSSQL12.MSSQLSERVER\MSSQL\DATA\"
:setvar DefaultLogPath "D:\SQL Server 2014\MSSQL12.MSSQLSERVER\MSSQL\DATA\"

GO
:on error exit
GO
/*
Detect SQLCMD mode and disable script execution if SQLCMD mode is not supported.
To re-enable the script after enabling SQLCMD mode, execute the following:
SET NOEXEC OFF; 
*/
:setvar __IsSqlCmdEnabled "True"
GO
IF N'$(__IsSqlCmdEnabled)' NOT LIKE N'True'
    BEGIN
        PRINT N'SQLCMD mode must be enabled to successfully execute this script.';
        SET NOEXEC ON;
    END


GO
USE [master];


GO

IF (DB_ID(N'$(DatabaseName)') IS NOT NULL) 
BEGIN
    ALTER DATABASE [$(DatabaseName)]
    SET SINGLE_USER WITH ROLLBACK IMMEDIATE;
    DROP DATABASE [$(DatabaseName)];
END

GO
PRINT N'Creating $(DatabaseName)...'
GO
CREATE DATABASE [$(DatabaseName)]
    ON 
    PRIMARY(NAME = [$(DatabaseName)], FILENAME = N'$(DefaultDataPath)$(DefaultFilePrefix)_Primary.mdf')
    LOG ON (NAME = [$(DatabaseName)_log], FILENAME = N'$(DefaultLogPath)$(DefaultFilePrefix)_Primary.ldf') COLLATE SQL_Latin1_General_CP1_CI_AS
GO
IF EXISTS (SELECT 1
           FROM   [master].[dbo].[sysdatabases]
           WHERE  [name] = N'$(DatabaseName)')
    BEGIN
        ALTER DATABASE [$(DatabaseName)]
            SET ANSI_NULLS ON,
                ANSI_PADDING ON,
                ANSI_WARNINGS ON,
                ARITHABORT ON,
                CONCAT_NULL_YIELDS_NULL ON,
                NUMERIC_ROUNDABORT OFF,
                QUOTED_IDENTIFIER ON,
                ANSI_NULL_DEFAULT ON,
                CURSOR_DEFAULT LOCAL,
                RECOVERY FULL,
                CURSOR_CLOSE_ON_COMMIT OFF,
                AUTO_CREATE_STATISTICS ON,
                AUTO_SHRINK OFF,
                AUTO_UPDATE_STATISTICS ON,
                RECURSIVE_TRIGGERS OFF 
            WITH ROLLBACK IMMEDIATE;
        ALTER DATABASE [$(DatabaseName)]
            SET AUTO_CLOSE OFF 
            WITH ROLLBACK IMMEDIATE;
    END


GO
IF EXISTS (SELECT 1
           FROM   [master].[dbo].[sysdatabases]
           WHERE  [name] = N'$(DatabaseName)')
    BEGIN
        ALTER DATABASE [$(DatabaseName)]
            SET ALLOW_SNAPSHOT_ISOLATION OFF;
    END


GO
IF EXISTS (SELECT 1
           FROM   [master].[dbo].[sysdatabases]
           WHERE  [name] = N'$(DatabaseName)')
    BEGIN
        ALTER DATABASE [$(DatabaseName)]
            SET READ_COMMITTED_SNAPSHOT OFF 
            WITH ROLLBACK IMMEDIATE;
    END


GO
IF EXISTS (SELECT 1
           FROM   [master].[dbo].[sysdatabases]
           WHERE  [name] = N'$(DatabaseName)')
    BEGIN
        ALTER DATABASE [$(DatabaseName)]
            SET AUTO_UPDATE_STATISTICS_ASYNC OFF,
                PAGE_VERIFY NONE,
                DATE_CORRELATION_OPTIMIZATION OFF,
                DISABLE_BROKER,
                PARAMETERIZATION SIMPLE,
                SUPPLEMENTAL_LOGGING OFF 
            WITH ROLLBACK IMMEDIATE;
    END


GO
IF IS_SRVROLEMEMBER(N'sysadmin') = 1
    BEGIN
        IF EXISTS (SELECT 1
                   FROM   [master].[dbo].[sysdatabases]
                   WHERE  [name] = N'$(DatabaseName)')
            BEGIN
                EXECUTE sp_executesql N'ALTER DATABASE [$(DatabaseName)]
    SET TRUSTWORTHY OFF,
        DB_CHAINING OFF 
    WITH ROLLBACK IMMEDIATE';
            END
    END
ELSE
    BEGIN
        PRINT N'The database settings cannot be modified. You must be a SysAdmin to apply these settings.';
    END


GO
IF IS_SRVROLEMEMBER(N'sysadmin') = 1
    BEGIN
        IF EXISTS (SELECT 1
                   FROM   [master].[dbo].[sysdatabases]
                   WHERE  [name] = N'$(DatabaseName)')
            BEGIN
                EXECUTE sp_executesql N'ALTER DATABASE [$(DatabaseName)]
    SET HONOR_BROKER_PRIORITY OFF 
    WITH ROLLBACK IMMEDIATE';
            END
    END
ELSE
    BEGIN
        PRINT N'The database settings cannot be modified. You must be a SysAdmin to apply these settings.';
    END


GO
ALTER DATABASE [$(DatabaseName)]
    SET TARGET_RECOVERY_TIME = 0 SECONDS 
    WITH ROLLBACK IMMEDIATE;


GO
IF EXISTS (SELECT 1
           FROM   [master].[dbo].[sysdatabases]
           WHERE  [name] = N'$(DatabaseName)')
    BEGIN
        ALTER DATABASE [$(DatabaseName)]
            SET FILESTREAM(NON_TRANSACTED_ACCESS = OFF),
                CONTAINMENT = NONE 
            WITH ROLLBACK IMMEDIATE;
    END


GO
IF EXISTS (SELECT 1
           FROM   [master].[dbo].[sysdatabases]
           WHERE  [name] = N'$(DatabaseName)')
    BEGIN
        ALTER DATABASE [$(DatabaseName)]
            SET AUTO_CREATE_STATISTICS ON(INCREMENTAL = OFF),
                MEMORY_OPTIMIZED_ELEVATE_TO_SNAPSHOT = OFF,
                DELAYED_DURABILITY = DISABLED 
            WITH ROLLBACK IMMEDIATE;
    END


GO
USE [$(DatabaseName)];


GO
IF fulltextserviceproperty(N'IsFulltextInstalled') = 1
    EXECUTE sp_fulltext_database 'enable';


GO
PRINT N'Creating [dbo].[Categories]...';


GO
CREATE TABLE [dbo].[Categories] (
    [ID]   INT            IDENTITY (1, 1) NOT NULL,
    [Name] NVARCHAR (200) NOT NULL,
    CONSTRAINT [PK_Categories] PRIMARY KEY CLUSTERED ([ID] ASC),
    CONSTRAINT [UC_Categories_Name] UNIQUE NONCLUSTERED ([Name] ASC)
);


GO
PRINT N'Creating [dbo].[Cities]...';


GO
CREATE TABLE [dbo].[Cities] (
    [ID]   INT            IDENTITY (1, 1) NOT NULL,
    [Name] NVARCHAR (100) NOT NULL,
    CONSTRAINT [PK_Cities] PRIMARY KEY CLUSTERED ([ID] ASC),
    CONSTRAINT [UC_Cities_Name] UNIQUE NONCLUSTERED ([Name] ASC)
);


GO
PRINT N'Creating [dbo].[Restaurants]...';


GO
CREATE TABLE [dbo].[Restaurants] (
    [ID]          INT             IDENTITY (1, 1) NOT NULL,
    [CategoryID]  INT             NOT NULL,
    [CityID]      INT             NOT NULL,
    [Name]        NVARCHAR (200)  NOT NULL,
    [Description] NTEXT           NOT NULL,
    [ImagePath]   NVARCHAR (1000) NULL,
    [DateCreated] DATETIME        NOT NULL,
    [Email]       NCHAR (10)      NULL,
    CONSTRAINT [PK_Restaurants] PRIMARY KEY CLUSTERED ([ID] ASC)
);


GO
PRINT N'Creating [dbo].[FK_Restaurants_Categories]...';


GO
ALTER TABLE [dbo].[Restaurants]
    ADD CONSTRAINT [FK_Restaurants_Categories] FOREIGN KEY ([CategoryID]) REFERENCES [dbo].[Categories] ([ID]);


GO
PRINT N'Creating [dbo].[FK_Restaurants_Cities]...';


GO
ALTER TABLE [dbo].[Restaurants]
    ADD CONSTRAINT [FK_Restaurants_Cities] FOREIGN KEY ([CityID]) REFERENCES [dbo].[Cities] ([ID]);


GO
/*
Post-Deployment Script Template							
--------------------------------------------------------------------------------------
 This file contains SQL statements that will be appended to the build script.		
 Use SQLCMD syntax to include a file in the post-deployment script.			
 Example:      :r .\myfile.sql								
 Use SQLCMD syntax to reference a variable in the post-deployment script.		
 Example:      :setvar TableName MyTable							
               SELECT * FROM [$(TableName)]					
--------------------------------------------------------------------------------------
*/

-- initially delete all data that we add by default
DELETE FROM Restaurants WHERE CityID BETWEEN 1 AND 4 OR CategoryID BETWEEN 1 AND 6
DELETE FROM Cities WHERE ID BETWEEN 1 AND 4
DELETE FROM Categories WHERE ID BETWEEN 1 AND 6


-- Init Cities
SET IDENTITY_INSERT dbo.Cities ON
INSERT INTO Cities (ID, Name) VALUES (1, N'Veliko Tarnovo')
INSERT INTO Cities (ID, Name) VALUES (2, N'Sofia')
INSERT INTO Cities (ID, Name) VALUES (3, N'Varna')
INSERT INTO Cities (ID, Name) VALUES (4, N'Plovdiv')
SET IDENTITY_INSERT dbo.Cities OFF
GO

-- Init Categories
SET IDENTITY_INSERT dbo.Categories ON
INSERT INTO Categories (ID, Name) VALUES (1, N'Бирария')
INSERT INTO Categories (ID, Name) VALUES (2, N'Бар')
INSERT INTO Categories (ID, Name) VALUES (3, N'Пицария')
INSERT INTO Categories (ID, Name) VALUES (4, N'Ресторант')
INSERT INTO Categories (ID, Name) VALUES (5, N'Сладкарница')
INSERT INTO Categories (ID, Name) VALUES (6, N'Пиано бар')
SET IDENTITY_INSERT dbo.Categories OFF
GO

-- Init Restaurants
--SET IDENTITY_INSERT dbo.Restaurants ON
INSERT INTO Restaurants (CategoryID, CityID, Name, [Description], ImagePath, DateCreated)
     VALUES (1, 1, N'City pub', N'City pub description', null, getdate());
INSERT INTO Restaurants (CategoryID, CityID, Name, [Description], ImagePath, DateCreated)
     VALUES (3, 1, N'Его', N'Его description', null, getdate());
INSERT INTO Restaurants (CategoryID, CityID, Name, [Description], ImagePath, DateCreated)
     VALUES (3, 1, N'La scalla', N'La scalla description', null, getdate());
INSERT INTO Restaurants (CategoryID, CityID, Name, [Description], ImagePath, DateCreated)
     VALUES (4, 1, N'Щастливеца', N'Щастливецаdescription', null, getdate());
INSERT INTO Restaurants (CategoryID, CityID, Name, [Description], ImagePath, DateCreated)
     VALUES (5, 1, N'Неделя', N'Неделя description', null, getdate());
INSERT INTO Restaurants (CategoryID, CityID, Name, [Description], ImagePath, DateCreated)
     VALUES (5, 2, N'Неделя', N'Неделя description', null, getdate());
INSERT INTO Restaurants (CategoryID, CityID, Name, [Description], ImagePath, DateCreated)
     VALUES (5, 3, N'Неделя', N'Неделя description', null, getdate());
INSERT INTO Restaurants (CategoryID, CityID, Name, [Description], ImagePath, DateCreated)
     VALUES (5, 4, N'Неделя', N'Неделя description', null, getdate());
INSERT INTO Restaurants (CategoryID, CityID, Name, [Description], ImagePath, DateCreated)
     VALUES (6, 1, N'Пияното Пиано', N'Пияното Пиано description', null, getdate());
--SET IDENTITY_INSERT dbo.Restaurants OFF
GO

GO
DECLARE @VarDecimalSupported AS BIT;

SELECT @VarDecimalSupported = 0;

IF ((ServerProperty(N'EngineEdition') = 3)
    AND (((@@microsoftversion / power(2, 24) = 9)
          AND (@@microsoftversion & 0xffff >= 3024))
         OR ((@@microsoftversion / power(2, 24) = 10)
             AND (@@microsoftversion & 0xffff >= 1600))))
    SELECT @VarDecimalSupported = 1;

IF (@VarDecimalSupported > 0)
    BEGIN
        EXECUTE sp_db_vardecimal_storage_format N'$(DatabaseName)', 'ON';
    END


GO
PRINT N'Update complete.';


GO
